1,Kody Oberbrunner,2
2,Carol Howe,2
3,Alena Thompson,2
4,Fritz Kling,2
5,Marshall Padberg,2
6,Virgil Davis,1
7,Bartholome Lockman,1
8,Rodrigo Flatley,1
9,Pearl Rippin,1
10,Derek Emmerich,1
11,Blanca Torphy,1
12,Filomena Maggio,1
13,Joaquin Waelchi,1
14,Maia Moen,1
15,Antonette Kulas,1
16,Alphonso Fadel,1
17,Ramon Willms,1
18,Bart Fadel,1
19,Brandyn Barrows,1
20,Kelsie Hayes,1
21,Jeremy Carroll,1
22,Loyal D'Amore,1
23,Jaylen Collins,1
24,Rebekah Fahey,1
25,Estella Botsford,1
26,Joesph Berge,1
27,Fay Rolfson,1
28,Pierce Metz,1
29,Jarod Hagenes,1
30,Thomas Kuvalis,1
31,Jalen Gerhold,1
32,Arnaldo Kuvalis,1
33,Remington Vandervort,1
34,Dion Collier,1
35,Carissa Bode,1
36,Kenny Runte,1
37,Dion Leannon,1
38,Monserrat Cartwright,1
39,Jovan Ernser,1
40,Amari Waelchi,1
41,Carmine Williamson,1
42,Doug Kilback,1
43,Victoria Harber,1
44,Russel Gorczany,1
45,Mara O'Reilly,1
46,Mohammad Wisozk,1
47,Christine Hoeger,1
48,Elenor Wiegand,1
49,Beau Sipes,1
50,Deven Mraz,1
51,Fanny Yundt,1
52,Krystina O'Keefe,1
53,Angelita Kozey,1
54,Vicenta McDermott,1
55,Dessie Batz,1
56,Evalyn Murphy,1
57,Hadley Cartwright,1
58,Nova Grimes,1
59,Hollie Lesch,1
60,Raina Ankunding,1
61,Wilbert Miller,1
62,Tess Lemke,1
63,Heaven Cassin,1
64,Leola Hoppe,1
65,Fredrick Bednar,1
66,Martine Kreiger,1
67,Sabryna Jones,1
68,Yoshiko Hilll,1
69,Karelle Schimmel,1
70,Wilhelmine Runte,1
71,Dayna Stanton,1
72,Luz Wuckert,1
73,Clotilde Rolfson,1
74,Cassandra Welch,1
75,Reilly Braun,1
